{"2025-01-15_21-25-18.txt":{"cp":false,"d":0,"dc":false,"dp":false,"lk":1,"p":0.2,"s":120,"sp":false,"t":1737025462083,"x":-0.43888888,"y":-0.12908594,"z":50},"terms and services ieeee.docx":{"cp":false,"d":0,"dc":false,"dp":false,"lk":1,"p":0.16666667,"s":120,"sp":false,"t":1737025563733,"x":-0.5777778,"y":-0.10763889,"z":50},"terms.txt":{"cp":false,"d":0,"dc":false,"dp":false,"lk":1,"p":0.9375,"s":120,"sp":false,"t":1737036109843,"x":0.015758632,"y":0.23034154,"z":103},"isohoe.txt":{"cp":false,"d":0,"dc":false,"dp":false,"lk":1,"p":1,"s":120,"sp":false,"t":1737025498001,"x":-0.48246926,"y":-0.73181385,"z":54},"ISO-IEC-IEEE-24748-1-2024.pdf":{"cp":false,"d":0,"dc":false,"dp":false,"lk":2,"p":0.14285715,"s":120,"sp":false,"t":1737024448278,"x":-0.27421653,"y":-1.1496894,"z":52},"libpuresoftkeymasterdevice.txt":{"cp":false,"d":0,"dc":false,"dp":false,"lk":1,"p":1,"s":120,"sp":false,"t":1737025502657,"x":0,"y":0,"z":100},"6b4e73d47829fcfb2cfaf25db8f43328.html":{"cp":false,"d":0,"dc":false,"dp":false,"lk":1,"p":1,"s":120,"sp":false,"t":1737119336949,"x":0.0055555557,"y":0,"z":50},"null.txt":{"cp":false,"d":0,"dc":false,"dp":false,"lk":1,"p":1,"s":120,"sp":false,"t":1737123852592,"x":0,"y":0,"z":100},"new-creator-report.html":{"cp":false,"d":0,"dc":false,"dp":false,"lk":1,"p":1,"s":120,"sp":false,"t":1737124087317,"x":-0.32962963,"y":-0.8817419,"z":100},".txt":{"cp":false,"d":0,"dc":false,"dp":false,"lk":1,"p":1,"s":120,"sp":false,"t":1737616429948,"x":-0.21674976,"y":-0.2731436,"z":74},"Notes_250111_212553.pdf":{"cp":false,"d":0,"dc":false,"dp":false,"lk":2,"p":0.030303031,"s":120,"sp":false,"t":1737626351865,"x":0,"y":0,"z":100},"Ai accepted .docx":{"cp":false,"d":0,"dc":false,"dp":false,"lk":1,"p":0.25,"s":120,"sp":false,"t":1737647268375,"x":0,"y":0,"z":100},"https___docs.sglang.ai_start_install.PDF":{"cp":false,"d":0,"dc":false,"dp":false,"lk":2,"p":0,"s":120,"sp":false,"t":0,"x":0,"y":0,"z":174},"DS-R1-Distill-32BSQL-INT _250123_075011.txt":{"cp":false,"d":0,"dc":false,"dp":false,"lk":1,"p":0.325,"s":120,"sp":false,"t":1738034411762,"x":-0.60925925,"y":-0.2861987,"z":50}}